eval/mean_ep_length,eval/mean_reward,eval/success_rate,time/total_timesteps
200.0,-49.968055725097656,0.0,98304
200.0,-49.34256362915039,0.0,196608
200.0,-51.848636627197266,0.0,294912
